SAMPLE	CATEGORY	TOTAL_READS	PF_READS	PCT_PF_READS	PF_NOISE_READS	PF_READS_ALIGNED	PCT_PF_READS_ALIGNED	PF_ALIGNED_BASES	PF_HQ_ALIGNED_READS	PF_HQ_ALIGNED_BASES	PF_HQ_ALIGNED_Q20_BASES	PF_HQ_MEDIAN_MISMATCHES	PF_MISMATCH_RATE	PF_HQ_ERROR_RATE	PF_INDEL_RATE	MEAN_READ_LENGTH	READS_ALIGNED_IN_PAIRS	PCT_READS_ALIGNED_IN_PAIRS	BAD_CYCLES	STRAND_BALANCE	PCT_CHIMERAS	PCT_ADAPTER
sample1	FIRST_OF_PAIR	4949	4949	1	0	3602	0.727824	328945	3291	316315	298864	0	0.004539	0.003876	0.00024	100.979794	2794	0.77568	0	0.54553	0.079814	0
sample1	SECOND_OF_PAIR	5012	5012	1	0	3295	0.657422	296815	2946	283536	265057	0	0.006482	0.005869	0.000216	101	2778	0.843096	0	0.474052	0.071994	0
sample1	PAIR	9961	9961	1	0	6897	0.6924	625760	6237	599851	563921	0	0.005461	0.004818	0.000229	100.989961	5572	0.807887	0	0.511382	0.075915	0
sample2	FIRST_OF_PAIR	4936	4936	1	0	3408	0.690438	310754	3112	298940	283837	0	0.004254	0.00371	0.000203	100.939222	2687	0.788439	0	0.533744	0.088575	0
sample2	SECOND_OF_PAIR	5028	5028	1	0	3123	0.621122	278166	2769	264939	245543	0	0.007093	0.006345	0.00023	101	2677	0.857189	0	0.462696	0.084423	0
sample2	PAIR	9964	9964	1	0	6531	0.65546	588920	5881	563879	529380	0	0.005595	0.004948	0.000216	100.969892	5364	0.821314	0	0.49977	0.086503	0
